fid,%canopy,NO2_mean,LST_mean,NDVImean,Road%,Imp%,BD,Income,road distance (meters),nearest_L,nearest_M,petrochem_distance,Distance_M,GS%,weightNO2
76,14.12,2.91E-05,35,-0.06,7.38,68.09,20.1,19783.22,332.06,10,5,11334.39,21.20174865,4.139200254,0.33
11,25.22,2.10E-05,34.31,0.15,6.89,32.92,4.69,20712,168.97,5,5,14386.86,0,17.95193033,0.30
243,0.73,2.10E-05,38.88,-0.2,0,82.73,82.73,23621,495.08,20,20,21949.14,245.778491,1.353302295,0.46
159,0.59,2.16E-05,37.54,-0.18,3.46,98,39.92,23621,408.59,30,30,21525.84,1289.392026,0,0.47
197,0,2.23E-05,39.67,-0.18,0,99.12,65.65,23621,192.4,NA,NA,20925.61,2569.221397,0,0.47
130,0.04,2.25E-05,39.21,-0.2,0,100.03,52.39,23621,423.8,20,20,22184.07,1403.432321,0,0.50
195,3.78,2.21E-05,38.57,-0.11,0,84.89,66.86,23885,684.51,25,15,5273.23,114.9215223,1.520753717,0.12
235,0,2.21E-05,37.87,-0.2,0,100,86.05,23885,616.63,25,15,4887.69,255.6060351,0.276021732,0.11
9,39.64,2.91E-05,33.04,0.18,8.41,28.26,4.1,24041,133.98,5,15,14181.61,0,9.351561425,0.41
25,0.25,2.91E-05,35.08,-0.25,10.58,92.87,76.78,24522.72,68.22,25,10,11460,172.9131901,5.990046356,0.33
168,5.58,3.02E-05,37.3,-0.06,15.08,98.74,31.42,25603,38.75,10,10,11293.69,155.1490315,1.222741983,0.34
225,3.14,2.12E-05,35.22,-0.1,5.32,87.87,70.26,25907,320.68,10,10,14262.67,366.212629,0,0.30
22,0.46,2.91E-05,36,-0.23,3.37,97.29,80.82,26430,70.64,10,10,7361.36,290.5717019,0.141562409,0.21
29,5.84,3.02E-05,34.74,-0.13,3.88,83.8,59.62,27428,310.64,10,5,7233.29,52.376764,15.86865938,0.22
162,20.86,2.91E-05,35.66,-0.07,18.52,67.33,35.22,27816,434.24,10,10,9290.94,241.5201842,2.046466606,0.27
99,30.83,3.03E-05,33.19,0.03,23.58,64.14,24.44,28169,448.08,5,5,15261.85,45.6417146,20.77000505,0.46
131,6.46,3.02E-05,37.81,-0.17,11.04,85.53,49.29,29341,366.16,15,15,16789.8,28.56335067,1.524653383,0.51
144,6.46,3.02E-05,37.81,-0.17,11.04,85.53,49.29,29341,366.16,15,15,16789.8,28.56335067,1.524653383,0.51
172,6.5,2.21E-05,36.14,-0.1,21.29,70.03,34.36,29574.42,953.46,20,15,5124.14,0,1.836861518,0.11
191,0.39,3.01E-05,39.31,-0.16,4.13,99.83,64.97,29683,1135.78,10,5,8644.58,138.1086819,2.772593901,0.26
213,0.48,2.10E-05,37.7,-0.21,0,100,75.3,29893,182.78,10,10,14721.95,235.6506386,0.960691813,0.31
196,1.06,2.11E-05,39.04,-0.16,0,96.25,66.74,30262.21,36.16,15,15,17006.59,183.3112229,0.435680022,0.36
152,0.01,2.10E-05,37.31,-0.12,9.97,76.66,41.47,30307,60.93,15,15,16522.09,437.3283617,0,0.35
153,11.3,3.02E-05,36.28,-0.1,24.1,70.37,39.81,31477.67,139.29,10,10,10185.74,427.8196307,0.599688627,0.31
166,13.82,2.10E-05,35.08,-0.06,12.24,56.41,29.72,32239,985.67,20,20,22850.57,84.71663057,9.389046231,0.48
46,0,2.21E-05,38.43,-0.17,0,99.98,97.85,32262,310.75,15,15,4213.22,720.4500912,0,0.09
205,0,2.44E-05,40.97,-0.21,0,99.96,64.66,32262,116.15,15,15,5255.7,292.2482358,0.010078803,0.13
61,12.65,3.15E-05,35.53,-0.1,29.87,71.94,25.46,32291,781.83,15,15,18024.86,518.2900129,0.137667833,0.57
128,8.95,2.91E-05,37.26,-0.15,15.17,84.54,51.68,32872.52,54.96,10,5,11365.98,185.0405172,3.177354923,0.33
186,0,3.02E-05,43.6,-0.23,0,100.04,93.8,33083,230.3,10,10,11013.64,225.8055466,1.563815294,0.33
18,3.35,3.02E-05,38.21,-0.18,0.77,98.08,70.16,33595,251.51,10,10,7910.7,105.284453,8.604781148,0.24
126,8.3,3.02E-05,38.56,-0.13,12.87,89.68,49.34,33595,253.11,5,5,8002.48,0,39.47133323,0.24
137,8.3,3.02E-05,38.56,-0.13,12.87,89.68,49.34,33595,253.11,5,5,8002.48,0,39.47133323,0.24
58,9.8,3.02E-05,35.56,-0.05,17.91,50.53,28.4,33633,1242.75,15,15,4103.66,69.280481,11.20719313,0.12
202,3.03,3.02E-05,39.69,-0.17,14.85,94.34,62.81,33633,1361.26,15,15,3888.8,242.1158278,0.942828034,0.12
143,15.49,2.17E-05,34.9,-0.07,5.25,69.09,45.09,33662.95,333.11,10,5,14320.61,22.61809076,4.340986214,0.31
108,19.98,3.02E-05,35.2,-0.02,28.02,56.67,16.5,34000,42.58,5,5,6572.03,284.9700917,0.058640426,0.20
13,8.36,2.85E-05,32.74,-0.2,0,87.62,63.48,34078,987.12,5,5,13466.59,435.2048007,0,0.38
33,4.55,2.21E-05,34.48,-0.02,42.05,67.04,3.55,34176.29,5.34,5,5,7428.73,83.60472259,8.627439843,0.16
135,8.41,2.86E-05,35.08,-0.16,0.01,86.74,46.02,34290,448.55,15,15,16466.32,107.4412485,7.024716111,0.47
49,0.03,2.91E-05,39.72,-0.28,45.12,99.98,96.1,34325,10.64,10,10,12208.89,325.1472906,1.295590524,0.36
226,0.4,2.91E-05,36.69,-0.2,12.77,95.15,74.09,34688,229.4,10,5,10677.2,27.50526828,6.718909123,0.31
97,29.84,2.92E-05,32.2,0.07,14.03,37.75,15.21,34702,1195.33,20,20,29434.87,121.6933069,2.347171358,0.86
211,0.75,3.02E-05,40.23,-0.21,7.88,99.96,78.85,34861,222.87,10,10,10558.77,121.8764205,2.595065892,0.32
165,8.94,2.21E-05,37.32,-0.11,30.06,97.63,35.27,34865.21,793.45,15,15,4652.56,464.3466152,0.92473042,0.10
189,0,2.75E-05,41.6,-0.23,0,99.68,98.52,35030,268.53,15,15,22549.84,225.9534202,1.175781676,0.62
163,18.62,2.91E-05,35.64,-0.08,2.25,91.11,38.84,35038,486.28,15,5,15688.4,0,4.943668761,0.46
10,0.44,2.10E-05,39.24,-0.18,0,100,75.15,35271,93.48,10,10,15478.89,350.7567952,0,0.33
173,3.77,2.82E-05,37.09,-0.17,19.35,94.68,29.28,36097.47,777.42,15,15,22728.28,208.4552764,4.710230576,0.64
204,0.02,3.17E-05,38.66,-0.18,11.07,100.01,61.45,36187,502.63,5,5,12320.52,103.4768788,6.695965854,0.39
156,10.59,2.82E-05,36.97,-0.1,16.14,77.38,35.07,36204,1096.1,15,15,22272.74,472.5732434,1.18815215,0.63
219,0,2.11E-05,37.16,-0.18,0,99.98,79.54,36328,594.27,15,15,18153.07,7.363545544,28.47814479,0.38
246,0,2.11E-05,37.16,-0.18,0,99.98,79.54,36328,594.27,15,15,18153.07,7.363545544,28.47814479,0.38
77,7.27,3.02E-05,35.19,-0.06,14.97,54.46,24.55,37139,586.74,10,10,4422,165.9201519,2.795960834,0.13
171,16.44,3.17E-05,34.87,-0.03,16.12,62.05,31.44,37474.5,508.75,5,5,12736.12,134.2589905,6.372525578,0.40
209,4.71,2.49E-05,38.83,-0.16,0,88.27,61.35,37567,361.5,10,10,26975.02,496.6349688,0.429028918,0.67
60,0,3.96E-05,37.67,-0.22,8.36,99.99,29.19,37638.25,1167.81,10,10,0,392.5703555,0,0.00
83,72.12,3.78E-05,29.64,0.25,5.02,11.81,6.6,37647,318.9,NA,5,2309.01,71.11513857,1.952097803,0.09
112,0.17,3.86E-05,39.09,-0.18,0,94,58.64,37647,591.29,20,15,1086.23,314.7551717,0,0.04
185,0,3.95E-05,39.34,-0.2,0,99.95,89.94,37647,443.64,10,10,205.75,808.7472991,0,0.01
231,4.07,3.02E-05,37.02,-0.21,6.27,96.37,73.98,37809,372.14,5,5,6248.24,40.1591555,9.433779468,0.19
233,0.01,2.10E-05,39.41,-0.21,2.41,99.61,86.71,37915,93.14,20,10,20493.11,40.00142822,0.688564278,0.43
23,0,3.96E-05,39.89,-0.21,0,100.01,85.99,38538,176.45,15,15,2445.09,157.6964975,2.153212375,0.10
228,0.65,2.10E-05,40.52,-0.16,8.89,91.18,71.3,38617,386.17,15,15,21919.43,300.2610323,0,0.46
216,0.06,2.21E-05,37.84,-0.18,0.22,99.96,78.39,38684,644.99,15,15,4422.25,517.6267288,0.149807774,0.10
54,0,3.26E-05,40.45,-0.23,0,100.01,84.33,38773,112.98,15,10,4218.58,489.7838614,0,0.14
85,10.31,3.26E-05,34.94,-0.09,16.15,76.39,9.74,38773,5.52,15,10,4469.64,676.2728631,0,0.15
110,10.31,3.26E-05,34.94,-0.09,16.15,76.39,9.74,38773,5.52,15,10,4469.64,676.2728631,0,0.15
20,0,3.93E-05,39.12,-0.19,0,100.01,99.83,38773,313.34,20,10,4259.23,496.8074711,0,0.17
200,0.42,3.93E-05,37.44,-0.16,0,100,65.3,38773,212.63,25,10,4423.72,538.318245,0,0.17
117,4.79,3.95E-05,36.07,-0.14,11.71,89.87,55.85,38773,260.07,15,5,3676.26,146.6626379,2.276224811,0.15
47,0,3.96E-05,40.93,-0.21,0,99.99,99.99,38773,155.3,15,10,3044.94,508.859067,0,0.12
136,1.98,3.96E-05,33.78,-0.18,0,98.61,47.89,38773,242.84,15,10,3387.38,425.3407593,0,0.13
30,9.64,3.02E-05,32.87,0.25,7.28,23,0,38779.17,728.08,5,5,4335.5,0,21.50935527,0.13
116,0.53,3.78E-05,38.33,-0.2,0,99.99,58.56,38802,149.28,10,10,1535.92,292.1435089,0.097352516,0.06
142,0,3.87E-05,37.16,-0.19,0,99.98,47.77,38802,728.29,10,10,710.29,534.9761571,0,0.03
24,0,3.96E-05,34.92,-0.15,0,99.99,10.86,38802,1449.98,20,20,0,1526.551918,0,0.00
169,1.72,3.96E-05,35.2,-0.2,0,99.99,34.75,38802,2562.95,20,15,438.18,535.4114803,0,0.02
179,0,3.96E-05,39.46,-0.22,0,100.01,94.64,38802,2440.68,15,15,397.03,1273.330523,0,0.02
192,0,3.96E-05,38.89,-0.21,0,99.98,65.64,38802,2708.45,20,20,488.69,1390.617456,0,0.02
244,1.36,3.96E-05,36.86,-0.12,0,100,80.02,38802,296.11,10,10,277.7,744.6468556,0,0.01
236,1.85,3.02E-05,37.76,-0.19,0.04,99.42,87.95,38907,477.77,5,5,11366.03,26.54471705,28.01765925,0.34
164,8.28,3.16E-05,36.78,-0.12,15.4,68.42,36.15,38918,113.16,10,10,11822.4,278.1781841,0.165383646,0.37
133,0.07,3.17E-05,36.5,-0.2,28.93,92.19,50.34,38918,498.94,10,10,12103.67,346.1082879,0,0.38
212,2.38,3.17E-05,38.32,-0.19,2.28,100,79.44,38918,832.8,10,10,11829.98,294.7230574,0.001145315,0.38
238,2.38,3.17E-05,38.32,-0.19,2.28,100,79.44,38918,832.8,10,10,11829.98,294.7230574,0.001145315,0.38
113,8.79,2.91E-05,32.24,-0.11,0,77.07,55.47,38921,892.76,10,10,12788.77,28.77679009,16.97069537,0.37
151,0.24,2.21E-05,38.42,-0.18,17.68,100,44.81,38960,87.81,15,15,3803.55,209.165344,2.087918263,0.08
181,1.07,2.24E-05,42.3,-0.19,0,99.97,89.27,39102,1142.64,20,20,19923.53,677.6069656,0,0.45
234,1.07,2.24E-05,42.3,-0.19,0,99.97,89.27,39102,1142.64,20,20,19923.53,677.6069656,0,0.45
239,0.4,2.37E-05,40.1,-0.21,0,100.02,84.55,39102,1021.05,15,15,19473.35,488.7710633,0,0.46
73,6.59,2.21E-05,36.62,-0.06,24.47,54.6,22.6,39551.36,353.78,15,15,5644.16,84.60465091,5.602668569,0.13
17,11.84,3.02E-05,35.45,-0.01,21.32,41.73,14.55,39607.88,246.94,10,5,7747.37,39.03179376,3.956612843,0.23
215,0.26,3.43E-05,40.64,-0.23,0,100.01,76.33,39660,402.16,10,10,2434.07,379.9793792,0,0.08
34,0,3.95E-05,42.35,-0.22,0,100,95.2,39660,164.94,15,15,2275.93,254.3034159,0.50394237,0.09
67,0.4,3.96E-05,34.61,-0.09,0,94.02,27.83,39660,363.24,5,5,2420.99,64.28918085,2.947377149,0.10
102,0.26,3.02E-05,35.63,-0.2,0,98.59,11.67,39837,723.09,5,5,5921.41,404.3497826,0,0.18
121,8.73,2.91E-05,37.31,-0.13,14.33,81.69,56.08,39902,109.52,10,10,11135.09,266.3432023,2.718766144,0.32
247,2.14,2.91E-05,35.51,-0.23,7.5,97.8,86.14,39946,297.49,15,10,12606.46,257.5363231,1.057591376,0.37
39,9.22,1.95E-05,32.81,-0.04,17.09,56.87,24.01,40215,169.9,20,20,39359.16,176.9071576,4.165651187,0.77
145,0.06,3.02E-05,38.85,-0.18,10.09,100.01,49.12,40263,479.1,15,15,5678.22,94.8221576,5.751559719,0.17
94,9.29,3.17E-05,34.38,-0.07,35.71,72.91,15.46,40892,41.85,10,10,11359.74,41.96483037,25.66121948,0.36
140,1.16,2.10E-05,35.63,-0.14,11.39,77.34,45.42,40953.6,340.8,15,15,21027.9,193.6307212,0.107201611,0.44
146,0,3.02E-05,38.98,-0.2,0.96,98.6,39.94,41242,305.17,10,10,3404.02,271.083321,0.610685986,0.10
157,0,3.02E-05,38.98,-0.2,0.96,98.6,39.94,41242,305.17,10,10,3404.02,271.083321,0.610685986,0.10
190,0.58,2.10E-05,42.18,-0.2,0,100,93.24,41280,752.05,20,20,20612.96,231.1061837,0.513331273,0.43
27,17.7,2.95E-05,33.34,0.06,21.54,61.43,5.74,41599.39,463.75,5,5,9936.38,0,26.46814492,0.29
59,23.22,2.91E-05,35.31,-0.04,24.55,74.21,36.47,42186,791.49,5,5,9620.05,120.0985614,8.731483313,0.28
167,23.22,2.91E-05,35.31,-0.04,24.55,74.21,36.47,42186,791.49,5,5,9620.05,120.0985614,8.731483313,0.28
122,0.25,2.93E-05,39.67,-0.2,0,99.97,51.88,42437,740.76,15,15,4335.88,351.8729215,0.088189607,0.13
119,4.39,2.82E-05,39.84,-0.18,0.07,87.96,59.66,42456,663.78,15,15,20409.89,125.7692896,18.29465363,0.58
208,4.39,2.82E-05,39.84,-0.18,0.07,87.96,59.66,42456,663.78,15,15,20409.89,125.7692896,18.29465363,0.58
107,47.14,3.17E-05,32.98,0.1,13.41,32.88,14.34,43144,313.44,5,5,15486.05,0,13.13945733,0.49
3,0,2.10E-05,35.97,-0.04,0,100.01,1.7,44361,1498.47,15,15,18684,665.0789906,0,0.39
4,13.56,2.10E-05,35.39,0,5.64,42.8,34.23,44361,1855.57,15,15,18224.59,319.9732411,0.37932801,0.38
5,11.98,2.10E-05,34.63,0,11.64,49.29,30.66,44361,1827.18,15,15,17899.22,100.3034834,2.023312512,0.38
92,19.98,2.10E-05,33.45,0.03,18.98,42.03,17.42,44661,1254.67,15,15,18777.9,51.44830415,13.76303838,0.39
12,16.73,2.83E-05,32.82,0.01,0.84,76.86,68.21,44718,978.83,10,5,13083.71,0,8.489099974,0.37
80,20.05,2.91E-05,34.15,0.01,18.62,99.99,22.32,45600.18,303.93,5,5,7386.66,123.289345,7.830809521,0.22
109,23.99,3.96E-05,33.61,-0.01,18.62,63.22,12.59,45874,855.5,15,5,977.03,0,2.512843446,0.04
221,3.68,2.46E-05,38.82,-0.1,4.73,92.9,74.69,45953.4,84,20,15,3215.15,269.3691889,0.151411371,0.08
240,0,2.91E-05,34.89,-0.22,1.9,90.23,84.38,46569.38,88.31,10,10,11945.89,343.5015802,1.512514158,0.35
70,1.42,3.78E-05,36.06,-0.05,12.04,38.52,22.09,47472,939.26,10,5,2975.58,15.8799959,2.885753926,0.11
88,8.77,3.02E-05,35.72,-0.01,0,50.55,2.58,47581,785.4,5,5,2997.68,0,17.62650049,0.09
124,1.09,3.91E-05,37.31,-0.15,0,100.01,50.3,47581,311.04,20,15,1865.14,661.5130689,0,0.07
154,2.87,3.91E-05,38.43,-0.09,9.21,100,43.01,47581,860.24,15,15,1665.73,1042.256088,0,0.07
194,2.9,3.95E-05,36.63,-0.15,0,98.6,65.54,47581,928.88,20,20,1176.21,547.9754408,0,0.05
210,0.01,3.95E-05,38.41,-0.18,4.73,99.07,62.74,47581,1000.43,20,20,1160.33,786.7554923,0,0.05
28,1.02,3.78E-05,37.34,-0.16,0.94,99.03,69.79,47728.35,78.44,5,5,1961.59,15.98664315,34.18215856,0.07
242,0.03,3.02E-05,37.67,-0.19,0,99.05,81.83,47867,796.11,30,30,6419.43,734.3160823,0.025196997,0.19
150,27.8,2.91E-05,35.31,-0.01,18.2,70.35,40.2,48055,446.32,5,5,10261.93,113.6371832,8.063070547,0.30
132,9.63,2.91E-05,34.14,-0.12,0.47,95.62,54.82,48088,406.23,15,10,14418.09,246.8266086,1.925514487,0.42
206,3.39,2.91E-05,38.46,-0.2,14.03,95.84,61.95,48209,198.2,30,5,13411.58,212.2180668,2.148627989,0.39
51,0,3.38E-05,38.35,-0.16,0,99.34,99.24,48315,310.33,NA,20,4832.09,238.7726286,1.146475583,0.16
6,9.61,2.10E-05,34.66,0.08,8.91,66.18,5.65,48717.31,2026.21,15,15,18092.41,176.2542124,5.523855363,0.38
100,36.53,3.17E-05,32.77,0.16,8.86,69.47,15.35,48877,433.51,5,5,17606.64,0,10.31236254,0.56
106,75.63,2.91E-05,30.57,0.27,0,33.31,10.96,49617,342.47,5,5,12041.19,0,62.16715922,0.35
229,0.03,2.25E-05,41.26,-0.3,0,100.02,71.88,49983,220.98,20,20,24471.28,420.2260689,0.4384237,0.55
74,11.12,2.24E-05,34.56,-0.06,12.51,47.38,24.52,50059,78.47,20,20,23095.61,265.318696,1.424081072,0.52
64,14.39,2.50E-05,35.23,-0.07,0,69.87,27.64,50651,90.92,20,20,24250.84,29.48131587,3.146142472,0.61
65,23.36,2.97E-05,34.94,-0.06,27.03,69.16,29.13,50895,469.68,10,5,11793.29,149.2556178,3.640741105,0.35
176,23.36,2.97E-05,34.94,-0.06,27.03,69.16,29.13,50895,469.68,10,5,11793.29,149.2556178,3.640741105,0.35
111,19.78,2.67E-05,33.25,0.09,14.36,26.54,11.54,52163,1186.37,20,20,28600.75,155.8878314,6.750385706,0.76
114,0.4,2.66E-05,33.26,-0.23,0,95.49,58.38,52307,176.15,20,20,28621.38,353.6430167,0,0.76
232,0,2.66E-05,37.66,-0.23,0,100,86.63,52307,177.28,20,20,28269.3,209.804309,1.109108519,0.75
81,66.45,2.70E-05,29.97,0.28,0.91,47.6,7.67,52307,616.85,20,20,28968.58,207.8242307,2.088111847,0.78
134,2.44,2.75E-05,36.39,-0.16,1.46,86.12,48.04,52307,75.61,20,20,27944.6,472.4802251,0,0.77
129,2.23,2.92E-05,36.89,-0.17,15.06,99.44,52.5,52436,449.74,5,5,8165.73,0,15.32878395,0.24
160,0,2.42E-05,36.26,-0.17,0,100,37.89,52476,323.59,30,30,21854.53,2002.648369,0,0.53
44,0,2.71E-05,35.82,0.03,0,3.46,3.46,52476,1116.45,30,30,22337.72,2156.078352,0,0.61
45,5.14,2.75E-05,40.82,-0.18,0,64.85,50.45,52476,683.98,30,30,21907.42,2495.269799,0,0.60
90,40.96,2.75E-05,35.48,-0.14,0,97.9,0.23,52476,131.53,10,10,23129.81,771.4021201,0,0.64
105,29.87,2.75E-05,32.13,0.13,14.45,28.5,11.36,52476,580.89,5,5,25238.17,0,19.52012013,0.69
115,0.49,2.75E-05,37.81,-0.17,4.35,88.86,58.95,52476,59.93,10,10,22541.78,344.1387369,0,0.62
175,10.68,2.75E-05,35.75,-0.07,10.48,64.99,31.21,52476,685.15,25,25,23949.09,1300.695072,0,0.66
241,0.15,2.75E-05,39.31,-0.23,0,96.48,84.74,52476,188.48,15,15,22880.68,532.4961298,0,0.63
180,0,2.78E-05,39.17,-0.22,0,90.94,90.94,52476,327.47,25,25,21247.86,2395.628939,0,0.59
8,26.88,3.16E-05,33.3,0.06,11.81,47.42,8.67,53821.67,381.39,5,5,16490.47,0,9.913941317,0.52
43,79.52,2.75E-05,28.56,0.34,1.01,4.61,3.57,55225,397.85,5,5,22410.37,0,46.30580383,0.62
26,21.84,2.91E-05,36.03,-0.07,4.46,96.78,90.96,56918,283.56,25,10,12272.84,327.0078832,0.765992929,0.36
66,13.97,2.10E-05,36.2,-0.13,14.71,75.37,41.49,57358,608.87,15,15,15866.81,244.8373243,1.078662756,0.33
84,40.69,2.91E-05,32.34,0.03,1.34,32.92,16.23,57358,503.81,5,5,15567.59,57.90519292,7.863769156,0.45
71,4.89,2.10E-05,33.31,-0.08,3.44,56.82,22.42,58729.23,2109.89,15,15,18157.45,94.65699027,6.801107707,0.38
7,22.93,3.16E-05,32.26,0.02,14.44,38.78,20.77,59107,963.66,5,5,17108.29,0,23.20910616,0.54
127,0.32,2.10E-05,39.05,-0.18,0.01,96.95,54.76,59971,488.12,15,15,17724.48,731.4297985,0,0.37
16,0.67,2.23E-05,40.05,-0.19,4.61,98.87,66.42,59971,685.42,25,20,16770.1,1022.070348,0,0.37
35,0.03,2.23E-05,40.53,-0.17,0,100.02,96.91,59971,466.98,10,10,16298.63,752.178238,0,0.36
174,5.43,2.23E-05,38.01,-0.1,8.5,96.34,32.18,59971,231.72,15,10,16111.17,435.1922314,0,0.36
249,2.14,2.23E-05,38.73,-0.18,3.65,97.7,82.32,59971,672.23,15,10,16585.34,867.0936889,0,0.37
15,1.11,3.05E-05,39.31,-0.14,0,98.29,51.47,59971,171.38,25,20,16990.12,785.2406052,0,0.52
48,0,3.05E-05,39.28,-0.21,0,100.02,96.1,59971,176.76,25,20,16657.86,757.935271,0,0.51
120,0,3.05E-05,37.56,-0.16,0,100.02,59.11,59971,509.79,20,20,17061.86,908.9387902,0,0.52
218,0.26,3.17E-05,36.63,-0.18,0.06,100,77.81,59971,85.43,20,10,15828.58,586.9732443,0,0.50
40,37.11,2.92E-05,31.05,0.17,0,3.92,3.92,60868,1985.49,20,20,31807.05,1092.171895,0,0.93
41,9.96,2.92E-05,29.94,0.15,0,21.88,9.01,60868,1128.06,20,20,30609.57,914.1075774,0,0.89
68,15.41,2.10E-05,36.46,-0.08,0.3,74.96,29.3,65187,2135.63,15,15,18965.72,485.3412276,1.98E-07,0.40
178,15.41,2.10E-05,36.46,-0.08,0.3,74.96,29.3,65187,2135.63,15,15,18965.72,485.3412276,1.98E-07,0.40
62,7.68,2.75E-05,36.92,-0.14,10.26,80.13,25.82,65941.42,46.86,15,15,26370.31,41.5882269,5.114459638,0.73
42,22.84,2.75E-05,33.69,0.08,17.95,37.46,16.32,66088,608.75,5,5,28029.09,46.63326025,4.945175846,0.77
148,3.61,2.75E-05,35.34,-0.11,16.22,63.32,41.14,66088,38.94,20,20,24646.79,903.3823717,0,0.68
220,0.46,2.75E-05,38.05,-0.22,0,97.51,78.3,66088,233.89,20,20,26133.77,401.3315281,0,0.72
237,0,2.75E-05,38.22,-0.28,0,100,81.31,66088,186.61,20,20,26394.12,314.863714,0,0.73
95,12.86,2.65E-05,33.86,0.06,14.14,29.69,15.09,67222,861.1,20,20,31191.5,66.55428805,9.038451072,0.83
69,28.67,2.91E-05,33.64,0.02,20.14,49.91,24.63,67227,737.03,10,5,12061.53,253.0422602,1.13753121,0.35
50,0,3.78E-05,40.34,-0.22,0,99.12,94.97,68245,394.47,30,30,2117.74,703.4328342,0,0.08
125,3.1,2.74E-05,37.63,-0.15,0,69.64,51.36,68640,506.96,20,20,24826.5,106.2188965,20.93954651,0.68
222,1.13,2.75E-05,37.89,-0.2,1.84,78.87,74.84,68640,694.28,20,20,24973.99,36.4666387,14.00292334,0.69
93,4.26,2.65E-05,35.56,-0.18,6.68,95.42,18.82,69796,121.54,20,20,29467.52,509.5183067,0,0.78
155,5.69,2.65E-05,35.75,-0.11,13.64,78.02,40.09,69796,12.71,20,20,29911.87,851.0872142,0,0.79
224,2.42,2.65E-05,35.9,-0.15,0,79.48,71.14,69796,108.48,20,20,31160.63,426.6171958,0,0.83
37,46.27,2.03E-05,31.18,0.03,0,58.8,22.76,70925,121.7,20,20,38979.27,371.2328356,0,0.79
72,1.91,2.25E-05,30.48,0.1,0,22.24,22.24,70925,697.32,20,20,38527.07,1320.112,0,0.87
245,0.42,2.25E-05,31.85,-0.17,0,94,80.25,70925,217.88,20,20,38800.03,859.3248011,0,0.87
86,99.36,2.28E-05,24.96,0.42,0,0,0,70925,1058.65,20,20,38424.75,1445.434126,0,0.88
14,14.84,3.11E-05,33.55,0.24,0,18.62,1.12,72985,509.88,5,5,12655.88,0,10.79690328,0.39
147,1.44,2.92E-05,33.41,-0.11,0,99.95,39.23,73841,1379.21,20,20,31596.84,17.28818448,6.084268319,0.92
158,1.44,2.92E-05,33.41,-0.11,0,99.95,39.23,73841,1379.21,20,20,31596.84,17.28818448,6.084268319,0.92
187,0.09,2.10E-05,41.69,-0.2,0,100.01,95.06,76204,440.67,15,15,19453,1904.459312,0,0.41
2,1.1,3.06E-05,38.4,-0.13,6.07,95.2,40.9,76204,270.69,25,25,18903.83,1413.417913,0,0.58
1,0,3.17E-05,38.57,-0.16,0,100,95.05,76204,343.94,25,25,18758.93,1237.444546,0,0.60
56,0,3.17E-05,41.32,-0.17,0,100.01,98.73,76204,185.22,10,10,18052.11,272.8744038,0.420787049,0.57
57,0,3.17E-05,40.98,-0.19,0,99.99,95.27,76204,115.63,25,10,18529.35,943.8544886,0,0.59
183,0,3.17E-05,40.35,-0.22,0,99.99,93.02,76204,244.86,15,15,16392.26,583.7610892,0.936635373,0.52
217,0,3.17E-05,39.31,-0.2,0,100,75.62,76204,653.63,10,10,18617.67,496.2265306,0,0.59
248,0,3.17E-05,39.21,-0.18,0,99.6,82.47,76204,393.47,15,15,18547.91,734.8954367,0,0.59
177,2.05,2.65E-05,34.89,-0.02,8.95,44.33,29.71,78071,198.41,20,20,31461.34,413.2774995,0,0.83
63,32.73,2.10E-05,35.36,0.02,9.36,65.9,25.6,79279,232.05,15,15,20049.27,454.85704,0.279915437,0.42
75,37.75,2.10E-05,33.12,0.09,9.13,33.62,19.68,79279,964.44,15,15,20009.41,191.2909181,3.076088614,0.42
82,15.73,2.10E-05,33.83,0.14,8.2,45.07,8.63,79279,493.68,15,15,19874.83,371.2936952,0.541734765,0.42
96,37.75,2.10E-05,33.12,0.09,9.13,33.62,19.68,79279,964.44,15,15,20009.41,191.2909181,3.076088614,0.42
118,0.26,2.75E-05,36.68,-0.19,2.78,93.78,55.18,83222,303.02,20,20,24597.44,364.6402577,0.087959255,0.68
161,5.26,2.75E-05,38.03,-0.17,18.58,77.91,36.76,83222,458.59,20,20,25086.16,567.9706573,0,0.69
78,25.92,3.11E-05,34.39,0.03,14.38,43.55,21.52,84414.72,174.73,10,10,12345.58,183.1986327,3.651499039,0.38
55,0.85,2.75E-05,39.47,-0.24,0.08,98.92,80.83,84543,136.51,20,20,20211.08,991.2187136,0,0.56
198,0.33,2.92E-05,39.85,-0.19,0,96.27,69.2,84543,346.32,10,10,19323.37,206.7236883,4.551452053,0.56
203,8.54,2.92E-05,38.94,-0.15,0,81.59,61.2,84543,216.29,20,20,19713.11,461.1863088,0,0.58
227,0.33,2.92E-05,39.85,-0.19,0,96.27,69.2,84543,346.32,10,10,19323.37,206.7236883,4.551452053,0.56
123,3.64,3.17E-05,37.09,-0.13,5.68,77.19,51.41,84543,949.18,5,5,18594.86,34.33735497,17.53445422,0.59
19,5.88,2.65E-05,34.29,-0.12,0,84.87,58.26,85722,270.44,20,20,34649.11,778.7121224,0,0.92
149,0.68,2.65E-05,34.02,-0.03,8.29,94.14,41.24,85722,73.75,20,20,35157.22,868.2852727,0,0.93
182,0.35,2.65E-05,35.46,-0.23,0,98.98,94.22,85722,496.46,20,20,34498.16,640.030983,0,0.91
207,0.09,2.65E-05,36.16,-0.13,0,99.99,63.14,85722,203.41,25,25,35604.6,266.5064813,0.553864154,0.94
199,6.91,2.08E-05,33.67,-0.18,0,100.01,68.89,85915.56,180.47,20,20,37031.86,738.9918127,0,0.77
36,44.39,2.39E-05,26.5,0.42,0,1.14,1.14,86211,1110.19,25,25,37108.81,672.4987077,0,0.89
38,20.72,2.65E-05,31.26,0.02,2.38,73.09,44.6,86211,273.74,20,20,35632.67,275.1604738,0.131250621,0.94
141,0.39,2.65E-05,34.22,-0.1,3.59,81.78,48.78,86211,873.61,20,20,35632.81,38.936239,1.286393196,0.94
230,0.1,2.65E-05,34.47,-0.19,0.07,93.62,70.58,86211,610.73,20,20,35679.54,153.9026608,1.881258731,0.95
79,22.4,2.10E-05,34.63,0.02,20.37,47.18,22.2,88371,791.57,15,15,16857.23,9.400823292,13.43776084,0.35
101,9.38,2.74E-05,34.36,0.01,19.95,39.2,17.29,88479.37,582.54,20,20,26808.04,73.74132569,9.727260165,0.74
193,0.27,3.17E-05,39.54,-0.23,0,99.87,66.65,90875,145.11,10,10,12500.44,17.49596593,1.900765969,0.40
32,42.74,2.65E-05,29.56,0.17,7.81,22.18,14.37,94151,688.44,10,5,30562.51,87.68154135,3.531188999,0.81
91,23.13,2.65E-05,32.31,0.09,18.45,43.24,0.71,94151,2.31,20,20,32932.11,54.97475291,1.540653094,0.87
170,0.82,2.65E-05,35.9,-0.25,0.19,98.03,33.45,94151,97.8,20,20,31092.46,339.5259604,0,0.82
103,13.29,2.65E-05,31.83,0.14,10.31,21.53,10.88,105679,481.03,20,5,33495.04,0,6.765028566,0.89
139,3.71,2.65E-05,35.66,-0.18,0,92.75,48.66,105679,476.27,20,20,32967.59,269.1002991,0.669768901,0.87
98,40.21,2.65E-05,31.54,0.11,16.03,35.16,18.32,111247,219.71,20,20,33218.14,235.4307766,1.445822149,0.88
31,54.82,2.91E-05,28.61,0.24,2.67,31.46,2.85,139132,1085.3,5,5,12541.55,190.9093333,4.185000613,0.37
104,44.3,2.91E-05,31.05,0.12,10.48,28.27,14.43,139132,838.72,5,5,12252.48,134.7934708,6.29376327,0.36
138,9.63,2.91E-05,32.13,-0.11,6.9,95.93,45.57,139132,1268.27,5,5,12662.59,0,28.30244973,0.37
87,0.37,2.11E-05,35.35,-0.2,0.67,100,0,NA,0.73,15,15,16951.76,400.2374528,0,0.36
89,1.43,2.82E-05,31.9,0.16,11.83,18.12,0,NA,130.75,15,15,19239.72,121.58267,6.366840223,0.54
21,0,2.97E-05,34.39,-0.26,0,100.03,80.57,NA,126.69,5,5,6349.31,89.13795862,3.749793619,0.19
184,0.12,3.02E-05,31.85,0.07,0,99.98,91.22,NA,156.06,10,10,5762.29,118.7121601,19.65904294,0.17
223,0.7,3.02E-05,34.53,-0.19,0,99.05,73.07,NA,467.79,5,5,11256.88,0,34.25255684,0.34
52,0.03,3.09E-05,37.64,-0.19,0,100.02,89.54,NA,349.09,5,5,5478.41,359.6104426,0,0.17
53,0,3.10E-05,39.33,-0.15,0,99.99,99.99,NA,386.79,5,5,5547.1,246.3313405,0.46706373,0.17
188,0,3.10E-05,39.33,-0.15,0,99.99,99.99,NA,386.79,10,10,5547.1,246.3313405,0.46706373,0.17
214,0,3.10E-05,40.14,-0.2,0,100.01,75.12,NA,120.36,10,10,5624.3,97.12055137,3.53516344,0.17
201,2.29,3.17E-05,39.43,-0.17,5.07,99.93,68.91,NA,88.76,NA,NA,12686.12,357.7727581,0,0.40
